"","freq","prev","p.freq","p.prev","p","contaminant"
"Abiotrophia_defectiva",6.86558570132916e-05,17,NA,0.699404362140692,0.699404362140692,FALSE
"Acetobacter_unclassified",5.26092297834005e-05,6,NA,0.581167811462231,0.581167811462231,FALSE
"Achromobacter_piechaudii",8.95109305951048e-06,1,NA,NA,NA,FALSE
"Achromobacter_unclassified",2.63507351520974e-05,9,NA,0.617047455819866,0.617047455819866,FALSE
"Achromobacter_xylosoxidans",4.12039710851562e-05,18,NA,0.708467547201777,0.708467547201777,FALSE
"Acinetobacter_baumannii",0.000219525441168155,15,NA,0.680498522853929,0.680498522853929,FALSE
"Acinetobacter_bereziniae",2.50989743615879e-06,2,NA,0.528531517373843,0.528531517373843,FALSE
"Acinetobacter_guillouiae",9.71607227855601e-05,2,NA,0.528531517373843,0.528531517373843,FALSE
"Acinetobacter_gyllenbergii",3.63245794464331e-07,1,NA,NA,NA,FALSE
"Acinetobacter_indicus",1.03369678527756e-05,6,NA,0.581167811462231,0.581167811462231,FALSE
"Acinetobacter_johnsonii",0.00104665949452463,44,NA,0.872201889590489,0.872201889590489,FALSE
"Acinetobacter_junii",0.000143461468787345,22,NA,0.742271772363986,0.742271772363986,FALSE
"Acinetobacter_lwoffii",0.000153426657326165,8,NA,0.605413454477685,0.605413454477685,FALSE
"Acinetobacter_parvus",0.000101902685662137,15,NA,0.680498522853929,0.680498522853929,FALSE
"Acinetobacter_pittii_calcoaceticus_nosocomialis",0.000138426512274411,17,NA,0.699404362140692,0.699404362140692,FALSE
"Acinetobacter_schindleri",6.6837997461159e-05,9,NA,0.617047455819866,0.617047455819866,FALSE
"Acinetobacter_soli",3.80217666825777e-05,5,NA,0.568539705275162,0.568539705275162,FALSE
"Acinetobacter_towneri",1.08417327319473e-05,3,NA,0.542230359484046,0.542230359484046,FALSE
"Acinetobacter_unclassified",0.00422216539629416,134,NA,0.965815526516739,0.965815526516739,FALSE
"Acinetobacter_ursingii",0.000695491440655822,60,NA,0.925317259708668,0.925317259708668,FALSE
"Actinobacillus_unclassified",3.42712888957235e-05,8,NA,0.605413454477685,0.605413454477685,FALSE
"Actinobaculum_unclassified",2.74977764777957e-06,1,NA,NA,NA,FALSE
"Actinobaculum_urinale",1.27870535712691e-05,3,NA,0.542230359484046,0.542230359484046,FALSE
"Actinomyces_cardiffensis",7.00659888402698e-07,1,NA,NA,NA,FALSE
"Actinomyces_georgiae",2.2129773568445e-05,9,NA,0.617047455819866,0.617047455819866,FALSE
"Actinomyces_graevenitzii",3.10555878242067e-06,7,NA,0.593456286431554,0.593456286431554,FALSE
"Actinomyces_johnsonii",0.000282462037036997,49,NA,0.891674028627344,0.891674028627344,FALSE
"Actinomyces_massiliensis",0.00155419372467095,120,NA,0.992210302668393,0.992210302668393,FALSE
"Actinomyces_naeslundii",0.000334484155083222,64,NA,0.934953372702934,0.934953372702934,FALSE
"Actinomyces_neuii",0.000143485549858968,54,NA,0.908391060684806,0.908391060684806,FALSE
"Actinomyces_odontolyticus",0.000367712617547343,74,NA,0.954276157987689,0.954276157987689,FALSE
"Actinomyces_oris",0.000503666496012391,80,NA,0.963179701220359,0.963179701220359,FALSE
"Actinomyces_timonensis",9.89042284166647e-06,4,NA,0.555563455809754,0.555563455809754,FALSE
"Actinomyces_turicensis",2.01908798945934e-06,2,NA,0.528531517373843,0.528531517373843,FALSE
"Actinomyces_viscosus",0.00060445860061842,120,NA,0.992210302668393,0.992210302668393,FALSE
"Actinoplanes_unclassified",0.000968186043559807,8,NA,0.605413454477685,0.605413454477685,FALSE
"Aerococcus_viridans",0.000374755673982904,71,NA,0.949120671981608,0.949120671981608,FALSE
"Aeromonas_caviae",2.798468313447e-05,5,NA,0.568539705275162,0.568539705275162,FALSE
"Aeromonas_unclassified",2.22933567917505e-05,10,NA,0.628366250229131,0.628366250229131,FALSE
"Afipia_unclassified",6.58289036869269e-05,13,NA,0.185567363471108,0.185567363471108,FALSE
"Aggregatibacter_segnis",5.74166299818685e-06,6,NA,0.581167811462231,0.581167811462231,FALSE
"Aggregatibacter_unclassified",6.8804667776142e-06,15,NA,0.680498522853929,0.680498522853929,FALSE
"Agrobacterium_tumefaciens",6.15755801959971e-05,11,NA,0.639377620592712,0.639377620592712,FALSE
"Agrobacterium_unclassified",8.79378822511889e-05,20,NA,0.725846895773292,0.725846895773292,FALSE
"Agrococcus_pavilionensis",8.78752911779604e-05,32,NA,0.811681115177596,0.811681115177596,FALSE
"Agromyces_unclassified",0.000132839891395428,8,NA,0.605413454477685,0.605413454477685,FALSE
"Aichivirus_B",2.88766045362402e-05,1,NA,NA,NA,FALSE
"Akkermansia_muciniphila",8.29015589220705e-06,1,NA,NA,NA,FALSE
"Alcaligenes_unclassified",2.1227187914172e-05,2,NA,0.528531517373843,0.528531517373843,FALSE
"Algerian_watermelon_mosaic_virus",2.53955453965285e-06,1,NA,NA,NA,FALSE
"Alicycliphilus_unclassified",0.000209907851850074,31,NA,0.805606312441389,0.805606312441389,FALSE
"Alishewanella_agri",9.85347229227148e-06,3,NA,0.542230359484046,0.542230359484046,FALSE
"Alishewanella_unclassified",6.0913926147992e-06,3,NA,0.542230359484046,0.542230359484046,FALSE
"Alistipes_onderdonkii",0.000135388598300853,4,NA,0.555563455809754,0.555563455809754,FALSE
"Alistipes_putredinis",7.39448407932009e-05,5,NA,0.568539705275162,0.568539705275162,FALSE
"Alistipes_shahii",9.08049038475011e-06,1,NA,NA,NA,FALSE
"Alloprevotella_rava",4.36045610073679e-07,1,NA,NA,NA,FALSE
"Alloprevotella_tannerae",9.9265544098457e-06,3,NA,0.542230359484046,0.542230359484046,FALSE
"Alloprevotella_unclassified",1.00106578272164e-05,10,NA,0.628366250229131,0.628366250229131,FALSE
"Alphapapillomavirus_2",0.0013350201464094,2,NA,0.528531517373843,0.528531517373843,FALSE
"Alphapapillomavirus_4",3.55604854837594e-05,1,NA,NA,NA,FALSE
"Alteromonas_macleodii",9.05514037177992e-07,1,NA,NA,NA,FALSE
"Anaerococcus_prevotii",5.01971572973513e-06,9,NA,0.617047455819866,0.617047455819866,FALSE
"Anoxybacillus_flavithermus",3.60266703596278e-06,2,NA,0.528531517373843,0.528531517373843,FALSE
"Aspergillus_niger",9.80746435944456e-07,1,NA,NA,NA,FALSE
"Aspergillus_oryzae",1.25340247221019e-05,1,NA,NA,NA,FALSE
"Asticcacaulis_excentricus",3.08997974443274e-06,2,NA,0.528531517373843,0.528531517373843,FALSE
"Asticcacaulis_unclassified",0.000186475134806051,24,NA,0.757790071161512,0.757790071161512,FALSE
"Atopobium_minutum",4.54958350867691e-06,4,NA,0.555563455809754,0.555563455809754,FALSE
"Atopobium_parvulum",1.80973839192224e-06,3,NA,0.542230359484046,0.542230359484046,FALSE
"Atopobium_vaginae",0.000419872010326932,49,NA,0.891674028627344,0.891674028627344,FALSE
"Avian_endogenous_retrovirus_EAV_HP",0.000275844005488082,34,NA,0.823311871559803,0.823311871559803,FALSE
"Avian_myelocytomatosis_virus",8.62300385502536e-06,3,NA,0.542230359484046,0.542230359484046,FALSE
"Azospira_oryzae",1.90756885663005e-05,4,NA,0.555563455809754,0.555563455809754,FALSE
"Bacillus_cereus_thuringiensis",2.62840315227303e-05,1,NA,NA,NA,FALSE
"Bacillus_megaterium",9.13232147217669e-05,3,NA,0.542230359484046,0.542230359484046,FALSE
"Bacteroidales_bacterium_ph8",1.51551422612381e-06,1,NA,NA,NA,FALSE
"Bacteroides_caccae",9.23580891496606e-05,4,NA,0.555563455809754,0.555563455809754,FALSE
"Bacteroides_coprophilus",3.42001931802272e-07,1,NA,NA,NA,FALSE
"Bacteroides_dorei",9.19211819304233e-06,2,NA,0.528531517373843,0.528531517373843,FALSE
"Bacteroides_fragilis",4.3708908862294e-06,1,NA,NA,NA,FALSE
"Bacteroides_intestinalis",3.7976262668044e-06,1,NA,NA,NA,FALSE
"Bacteroides_ovatus",1.03673520636032e-07,1,NA,NA,NA,FALSE
"Bacteroides_salyersiae",3.34735601806473e-06,1,NA,NA,NA,FALSE
"Bacteroides_stercoris",4.8818393632928e-05,3,NA,0.542230359484046,0.542230359484046,FALSE
"Bacteroides_thetaiotaomicron",9.02091701575714e-06,2,NA,0.528531517373843,0.528531517373843,FALSE
"Bacteroides_uniformis",8.62130080681731e-05,3,NA,0.542230359484046,0.542230359484046,FALSE
"Bacteroides_vulgatus",0.000243748238342431,7,NA,0.593456286431554,0.593456286431554,FALSE
"Bacteroides_xylanisolvens",3.64527554789248e-07,1,NA,NA,NA,FALSE
"Bartonella_unclassified",1.50100454971698e-05,1,NA,NA,NA,FALSE
"Bcep78likevirus_unclassified",3.2405622249543e-06,1,NA,NA,NA,FALSE
"Betapapillomavirus_1",0.00350112386576801,29,NA,0.792914467834976,0.792914467834976,FALSE
"Betapapillomavirus_4",0.000123761199012675,5,NA,0.568539705275162,0.568539705275162,FALSE
"Bifidobacterium_adolescentis",9.27696578037172e-05,13,NA,0.660508357267807,0.660508357267807,FALSE
"Bifidobacterium_asteroides",0.000125432917517014,4,NA,0.555563455809754,0.555563455809754,FALSE
"Bifidobacterium_bifidum",0.000187656435029188,4,NA,0.555563455809754,0.555563455809754,FALSE
"Bifidobacterium_longum",1.72918815000527e-05,8,NA,0.605413454477685,0.605413454477685,FALSE
"Bifidobacterium_pseudocatenulatum",2.12115129566004e-06,2,NA,0.528531517373843,0.528531517373843,FALSE
"Bifidobacterium_thermophilum",2.68884488607089e-06,1,NA,NA,NA,FALSE
"Bilophila_unclassified",1.64582374404847e-06,1,NA,NA,NA,FALSE
"Blastomonas_unclassified",6.17336483778755e-07,1,NA,NA,NA,FALSE
"Bombyx_mori_nucleopolyhedrovirus",4.73095719220911e-06,1,NA,NA,NA,FALSE
"Bordetella_unclassified",3.26959347606707e-05,9,NA,0.617047455819866,0.617047455819866,FALSE
"Bovine_rhinitis_B_virus",5.28536100584762e-06,1,NA,NA,NA,FALSE
"Brachybacterium_muris",0.00134713035081272,134,NA,0.995703068975568,0.995703068975568,FALSE
"Brachybacterium_paraconglomeratum",0.00357646678041288,164,NA,0.998923011735488,0.998923011735488,FALSE
"Brachybacterium_squillarum",9.90751779375316e-05,31,NA,0.805606312441389,0.805606312441389,FALSE
"Brachybacterium_unclassified",0.0113936884836476,294,NA,0.999995702959244,0.999995702959244,FALSE
"Bradyrhizobium_japonicum",2.89310800527848e-07,1,NA,NA,NA,FALSE
"Bradyrhizobium_sp_BTAi1",0.069753740902857,195,NA,0.000290460115502329,0.000290460115502329,TRUE
"Bradyrhizobium_sp_DFCI_1",0.0145569823120791,76,NA,3.34284832314099e-10,3.34284832314099e-10,TRUE
"Brevibacterium_casei",0.00363707824127319,228,NA,0.999832876250427,0.999832876250427,FALSE
"Brevibacterium_massiliense",3.1208661526996e-05,4,NA,0.555563455809754,0.555563455809754,FALSE
"Brevibacterium_mcbrellneri",1.19487721295682e-05,7,NA,0.593456286431554,0.593456286431554,FALSE
"Brevibacterium_unclassified",0.00191073189291302,153,NA,0.983023213416242,0.983023213416242,FALSE
"Brevundimonas_diminuta",0.00730566453134129,199,NA,0.998968267201271,0.998968267201271,FALSE
"Brevundimonas_unclassified",0.0101053413711473,321,NA,0.999999994854145,0.999999994854145,FALSE
"Burkholderia_multivorans",4.17488473161194e-06,4,NA,0.555563455809754,0.555563455809754,FALSE
"Burkholderia_unclassified",0.000612680000193433,31,NA,0.417340100025396,0.417340100025396,FALSE
"C2likevirus_unclassified",0.00033561325926565,39,NA,2.10495698715961e-08,2.10495698715961e-08,TRUE
"candidate_division_TM7_single_cell_isolate_TM7b",2.95211452257676e-06,1,NA,NA,NA,FALSE
"candidate_division_TM7_single_cell_isolate_TM7c",1.39559793337635e-05,5,NA,0.568539705275162,0.568539705275162,FALSE
"Candidatus_Portiera_aleyrodidarum",0.00280306257925684,13,NA,0.660508357267807,0.660508357267807,FALSE
"Candidatus_Tremblaya_princeps",0.000377980165765294,1,NA,NA,NA,FALSE
"Candidatus_Uzinura_diaspidicola",0.00016627516975768,2,NA,0.528531517373843,0.528531517373843,FALSE
"Capnocytophaga_gingivalis",3.95541225776083e-06,5,NA,0.568539705275162,0.568539705275162,FALSE
"Capnocytophaga_unclassified",0.000329771749978156,60,NA,0.925317259708668,0.925317259708668,FALSE
"Cardiobacterium_hominis",0.000111297600397567,18,NA,0.708467547201777,0.708467547201777,FALSE
"Catenibacterium_mitsuokai",2.54224944748029e-06,1,NA,NA,NA,FALSE
"Caulobacter_unclassified",0.000807376533002925,121,NA,0.60615240964115,0.60615240964115,FALSE
"Caulobacter_vibrioides",0.000368630082769912,62,NA,0.000284942437254739,0.000284942437254739,TRUE
"Cellulomonas_unclassified",1.66509570959789e-05,1,NA,NA,NA,FALSE
"Cellvibrio_unclassified",6.29209124198967e-05,5,NA,0.568539705275162,0.568539705275162,FALSE
"Chroococcidiopsis_thermalis",0.000460896648543897,29,NA,0.792914467834976,0.792914467834976,FALSE
"Chryseobacterium_taeanense",1.0819338536461e-06,1,NA,NA,NA,FALSE
"Chryseobacterium_unclassified",4.20615989471273e-06,7,NA,0.593456286431554,0.593456286431554,FALSE
"Citrobacter_freundii",5.40779704026812e-06,3,NA,0.542230359484046,0.542230359484046,FALSE
"Citrobacter_unclassified",9.38537200970583e-06,8,NA,0.605413454477685,0.605413454477685,FALSE
"Collinsella_aerofaciens",0.000213438058202096,10,NA,0.628366250229131,0.628366250229131,FALSE
"Comamonas_testosteroni",1.57050069147791e-05,7,NA,0.593456286431554,0.593456286431554,FALSE
"Comamonas_unclassified",0.00074600794437735,97,NA,0.0803148931923048,0.0803148931923048,TRUE
"Coprococcus_comes",5.96323481655236e-07,1,NA,NA,NA,FALSE
"Corallococcus_coralloides",1.68999254065383e-06,1,NA,NA,NA,FALSE
"Corynebacterium_accolens",0.00671821980263865,290,NA,0.999999810177764,0.999999810177764,FALSE
"Corynebacterium_amycolatum",3.18579739098683e-05,27,NA,0.779467126469707,0.779467126469707,FALSE
"Corynebacterium_aurimucosum",1.36294287602664e-05,7,NA,0.593456286431554,0.593456286431554,FALSE
"Corynebacterium_casei",8.85161515898376e-06,3,NA,0.542230359484046,0.542230359484046,FALSE
"Corynebacterium_crenatum",1.11527497483587e-05,3,NA,0.0433641926374833,0.0433641926374833,TRUE
"Corynebacterium_doosanense",0.000134054940087382,35,NA,0.828876851983116,0.828876851983116,FALSE
"Corynebacterium_durum",0.00106619919152234,139,NA,0.996551016562889,0.996551016562889,FALSE
"Corynebacterium_genitalium",0.000434873374291749,45,NA,0.876335521194031,0.876335521194031,FALSE
"Corynebacterium_glucuronolyticum",5.04274928865478e-05,9,NA,0.617047455819866,0.617047455819866,FALSE
"Corynebacterium_jeikeium",0.000143550060624247,37,NA,0.839527788650408,0.839527788650408,FALSE
"Corynebacterium_kroppenstedtii",0.000428014523462959,38,NA,0.844622144566268,0.844622144566268,FALSE
"Corynebacterium_lipophiloflavum",0.00210662700960407,129,NA,0.994667780848149,0.994667780848149,FALSE
"Corynebacterium_matruchotii",0.0018509654876664,181,NA,0.997415531087054,0.997415531087054,FALSE
"Corynebacterium_propinquum",0.00120983280225601,64,NA,0.934953372702934,0.934953372702934,FALSE
"Corynebacterium_pseudodiphtheriticum",5.53995752270434e-05,6,NA,0.581167811462231,0.581167811462231,FALSE
"Corynebacterium_pseudogenitalium",0.00481614149104143,326,NA,0.999999997442088,0.999999997442088,FALSE
"Corynebacterium_pyruviciproducens",2.79499818562151e-05,9,NA,0.617047455819866,0.617047455819866,FALSE
"Corynebacterium_striatum",0.000116772123071107,47,NA,0.884237439549728,0.884237439549728,FALSE
"Corynebacterium_tuberculostearicum",0.00556197599686325,344,NA,0.999999999862042,0.999999999862042,FALSE
"Corynebacterium_urealyticum",5.77655789667166e-06,3,NA,0.0433641926374833,0.0433641926374833,TRUE
"Corynebacterium_variabile",4.0646032025409e-05,17,NA,0.699404362140692,0.699404362140692,FALSE
"Cronobacter_malonaticus",1.08235123488158e-06,1,NA,NA,NA,FALSE
"Cronobacter_sakazakii",2.68429756884464e-06,1,NA,NA,NA,FALSE
"Cupriavidus_metallidurans",0.000205345084145121,65,NA,0.937177189020782,0.937177189020782,FALSE
"Cupriavidus_unclassified",0.00840399351792913,239,NA,0.003261766288708,0.003261766288708,TRUE
"Curtobacterium_unclassified",0.000557614544716876,29,NA,0.792914467834976,0.792914467834976,FALSE
"Curvibacter_lanceolatus",0.0169317033003552,313,NA,0.0160665017147492,0.0160665017147492,TRUE
"Cytophaga_unclassified",2.48928577652422e-06,1,NA,NA,NA,FALSE
"Dasheen_mosaic_virus",7.57070125627545e-06,3,NA,0.0433641926374833,0.0433641926374833,TRUE
"Deinococcus_geothermalis",2.28509809822092e-05,4,NA,0.555563455809754,0.555563455809754,FALSE
"Deinococcus_gobiensis",0.00632562260303193,16,NA,0.690083567168311,0.690083567168311,FALSE
"Deinococcus_radiodurans",0.000229781862953351,24,NA,0.757790071161512,0.757790071161512,FALSE
"Deinococcus_unclassified",0.0164874705826847,295,NA,0.99993815629904,0.99993815629904,FALSE
"Deinococcus_wulumuqiensis",0.000482026598017164,55,NA,0.911436233182818,0.911436233182818,FALSE
"Delftia_acidovorans",4.48958525460671e-05,6,NA,0.581167811462231,0.581167811462231,FALSE
"Delftia_unclassified",0.000118356133635024,16,NA,0.690083567168311,0.690083567168311,FALSE
"Dermabacter_sp_HFH0086",3.23864023406424e-05,1,NA,NA,NA,FALSE
"Dermacoccus_sp_Ellin185",0.0155475555645491,53,NA,0.905250182765427,0.905250182765427,FALSE
"Dietzia_cinnamea",0.00834164620133999,152,NA,0.998090293040407,0.998090293040407,FALSE
"Dietzia_unclassified",0.00305767568374737,201,NA,0.99425768180702,0.99425768180702,FALSE
"Dolosigranulum_pigrum",3.11392876856188e-06,3,NA,0.542230359484046,0.542230359484046,FALSE
"Dorea_longicatena",1.73728294288135e-06,2,NA,0.528531517373843,0.528531517373843,FALSE
"Dorea_unclassified",1.57421903764275e-05,2,NA,0.528531517373843,0.528531517373843,FALSE
"Duganella_zoogloeoides",2.14367908072564e-06,1,NA,NA,NA,FALSE
"Dyadobacter_fermentans",8.55397825014119e-06,3,NA,0.542230359484046,0.542230359484046,FALSE
"Dyadobacter_unclassified",6.05344224589034e-07,2,NA,0.528531517373843,0.528531517373843,FALSE
"Eggerthella_unclassified",1.88247964207359e-05,3,NA,0.542230359484046,0.542230359484046,FALSE
"Eikenella_corrodens",1.47860270825505e-05,6,NA,0.581167811462231,0.581167811462231,FALSE
"Elizabethkingia_meningoseptica",1.59828149564306e-06,1,NA,NA,NA,FALSE
"Empedobacter_brevis",2.78684130392736e-06,1,NA,NA,NA,FALSE
"Enhydrobacter_aerosaccus",0.0148131907479701,362,NA,0.999999999696917,0.999999999696917,FALSE
"Enterobacter_aerogenes",1.78092305124025e-05,2,NA,0.528531517373843,0.528531517373843,FALSE
"Enterobacter_cloacae",0.000621272395369959,79,NA,0.961815986450743,0.961815986450743,FALSE
"Enterobacter_hormaechei",4.16651288421568e-05,8,NA,0.605413454477685,0.605413454477685,FALSE
"Enterococcus_casseliflavus",4.15682642910231e-05,2,NA,0.528531517373843,0.528531517373843,FALSE
"Enterococcus_faecalis",0.000238988029268572,15,NA,9.80588226142409e-21,9.80588226142409e-21,TRUE
"Enterococcus_faecium",9.49882996443171e-05,2,NA,0.000384145276759193,0.000384145276759193,TRUE
"Enterococcus_italicus",6.07459932675047e-08,1,NA,NA,NA,FALSE
"Erwinia_phage_phiEa21_4",1.67404240591195e-05,3,NA,0.542230359484046,0.542230359484046,FALSE
"Escherichia_coli",0.000289414109756179,19,NA,0.0567590976561174,0.0567590976561174,TRUE
"Escherichia_unclassified",0.000668561428250045,84,NA,0.0458911273469714,0.0458911273469714,TRUE
"Eubacterium_biforme",9.68567309241675e-06,2,NA,0.528531517373843,0.528531517373843,FALSE
"Eubacterium_eligens",8.35965588437973e-07,2,NA,0.528531517373843,0.528531517373843,FALSE
"Eubacterium_hallii",1.53319562911358e-07,1,NA,NA,NA,FALSE
"Eubacterium_rectale",3.90573884293565e-05,6,NA,0.581167811462231,0.581167811462231,FALSE
"Eubacterium_siraeum",1.2941333722518e-06,1,NA,NA,NA,FALSE
"Exiguobacterium_unclassified",2.53850490682607e-06,1,NA,NA,NA,FALSE
"Faecalibacterium_prausnitzii",0.000354195457262008,14,NA,0.670642436155335,0.670642436155335,FALSE
"Finegoldia_magna",0.000133146650002138,61,NA,0.927841746704431,0.927841746704431,FALSE
"Frateuria_aurantia",1.94259889745754e-06,1,NA,NA,NA,FALSE
"Freesia_sneak_virus",2.45035596748867e-05,1,NA,NA,NA,FALSE
"Fujinami_sarcoma_virus",3.04438380948697e-05,5,NA,0.568539705275162,0.568539705275162,FALSE
"Fusarium_unclassified",1.14004573524165e-06,1,NA,NA,NA,FALSE
"Fusobacterium_periodonticum",1.40701699066615e-06,1,NA,NA,NA,FALSE
"Gammapapillomavirus_1",0.000174359486248069,1,NA,NA,NA,FALSE
"Gardnerella_vaginalis",0.00210095795642202,98,NA,0.98123775179182,0.98123775179182,FALSE
"Gemella_haemolysans",1.54685638200628e-05,7,NA,0.593456286431554,0.593456286431554,FALSE
"Gemella_unclassified",8.61975597181421e-06,10,NA,0.628366250229131,0.628366250229131,FALSE
"Geobacillus_unclassified",7.13556335399704e-07,1,NA,NA,NA,FALSE
"Gluconacetobacter_unclassified",2.06853069293698e-05,3,NA,0.542230359484046,0.542230359484046,FALSE
"Gluconobacter_frateurii",4.07775211731468e-05,5,NA,0.568539705275162,0.568539705275162,FALSE
"Gluconobacter_unclassified",2.71633689208455e-05,6,NA,0.581167811462231,0.581167811462231,FALSE
"Gordonia_aichiensis",4.7839936552634e-05,35,NA,0.828876851983116,0.828876851983116,FALSE
"Gordonia_bronchialis",0.0357496942989083,182,NA,0.997535734134662,0.997535734134662,FALSE
"Gordonia_otitidis",1.33221181132669e-05,15,NA,0.680498522853929,0.680498522853929,FALSE
"Gordonia_paraffinivorans",9.41065292799138e-07,1,NA,NA,NA,FALSE
"Gordonia_polyisoprenivorans",7.20677443927074e-06,3,NA,0.542230359484046,0.542230359484046,FALSE
"Gordonia_rubripertincta",7.7297461368145e-05,39,NA,0.84956785879758,0.84956785879758,FALSE
"Gordonia_sputi",0.00770933942076163,33,NA,0.817581445772553,0.817581445772553,FALSE
"Gordonia_terrae",0.0185900938647906,267,NA,0.999998428346868,0.999998428346868,FALSE
"Granulicatella_adiacens",5.29989597052401e-05,16,NA,0.690083567168311,0.690083567168311,FALSE
"Granulicatella_elegans",7.41533538209229e-06,4,NA,0.555563455809754,0.555563455809754,FALSE
"Granulicatella_unclassified",5.8109667388805e-05,41,NA,0.859029080274056,0.859029080274056,FALSE
"Granulicella_unclassified",0.00185871918847725,14,NA,0.670642436155335,0.670642436155335,FALSE
"Grapevine_endophyte_endornavirus",4.92378985949504e-06,1,NA,NA,NA,FALSE
"Haemophilus_haemolyticus",5.00975969909642e-05,25,NA,0.76522362396474,0.76522362396474,FALSE
"Haemophilus_influenzae",2.84856852365979e-05,13,NA,0.660508357267807,0.660508357267807,FALSE
"Haemophilus_parainfluenzae",0.000630061158775122,97,NA,0.980501977352284,0.980501977352284,FALSE
"Haemophilus_paraphrohaemolyticus",3.28687421311486e-06,3,NA,0.542230359484046,0.542230359484046,FALSE
"Haemophilus_sputorum",7.34717595178051e-08,1,NA,NA,NA,FALSE
"Halococcus_unclassified",3.66654077725125e-06,3,NA,0.542230359484046,0.542230359484046,FALSE
"Halomonas_stevensii",2.95755298396188e-05,3,NA,0.542230359484046,0.542230359484046,FALSE
"Halomonas_unclassified",0.000124807008130848,11,NA,0.639377620592712,0.639377620592712,FALSE
"Herbaspirillum_unclassified",0.000978985329753334,5,NA,0.568539705275162,0.568539705275162,FALSE
"Herpetosiphon_aurantiacus",2.06485847006779e-05,1,NA,NA,NA,FALSE
"Hippeastrum_mosaic_virus",3.2923051424457e-06,2,NA,0.528531517373843,0.528531517373843,FALSE
"Honeysuckle_yellow_vein_Japan_betasatellite",2.67904219706178e-05,1,NA,NA,NA,FALSE
"Human_adenovirus_B",1.26154326475676e-06,3,NA,0.0433641926374833,0.0433641926374833,TRUE
"Human_adenovirus_D",9.42508656998699e-07,1,NA,NA,NA,FALSE
"Human_cosavirus_E",7.35396773787418e-06,1,NA,NA,NA,FALSE
"Human_herpesvirus_1",0.000124123259822377,3,NA,0.542230359484046,0.542230359484046,FALSE
"Human_papillomavirus_type_134",0.000338322518612562,8,NA,0.605413454477685,0.605413454477685,FALSE
"Hydrocarboniphaga_effusa",7.51859825946917e-06,5,NA,0.568539705275162,0.568539705275162,FALSE
"Hymenobacter_unclassified",0.00158556537917451,44,NA,0.556966550580363,0.556966550580363,FALSE
"Idiomarina_unclassified",4.69076808528789e-06,2,NA,0.528531517373843,0.528531517373843,FALSE
"Janibacter_hoylei",0.00995836635190334,314,NA,0.999999987154824,0.999999987154824,FALSE
"Janthinobacterium_lividum",5.39701317061498e-06,3,NA,0.542230359484046,0.542230359484046,FALSE
"Janthinobacterium_unclassified",1.93275075554648e-05,6,NA,0.581167811462231,0.581167811462231,FALSE
"Kingella_denitrificans",3.58910507328094e-07,1,NA,NA,NA,FALSE
"Kingella_oralis",4.75234273285853e-06,4,NA,0.555563455809754,0.555563455809754,FALSE
"Kingella_unclassified",5.73437277689094e-05,22,NA,0.742271772363986,0.742271772363986,FALSE
"Klebsiella_oxytoca",0.000350988543496706,13,NA,0.660508357267807,0.660508357267807,FALSE
"Klebsiella_pneumoniae",0.000543790174171271,58,NA,0.920023771241102,0.920023771241102,FALSE
"Klebsiella_unclassified",0.00033639071109958,79,NA,0.961815986450743,0.961815986450743,FALSE
"Kocuria_atrinae",9.31202742435649e-06,1,NA,NA,NA,FALSE
"Kocuria_rhizophila",0.00185596845942903,244,NA,0.989588966221647,0.989588966221647,FALSE
"Kocuria_unclassified",0.00317069100778101,210,NA,0.99630811124466,0.99630811124466,FALSE
"Kribbella_unclassified",2.09023832483913e-07,1,NA,NA,NA,FALSE
"Kytococcus_sedentarius",0.0164764521504378,238,NA,0.999921624100617,0.999921624100617,FALSE
"Lachnospiraceae_bacterium_1_1_57FAA",1.74298271938142e-05,2,NA,0.528531517373843,0.528531517373843,FALSE
"Lachnospiraceae_bacterium_5_1_57FAA",5.803171830942e-06,2,NA,0.528531517373843,0.528531517373843,FALSE
"Lachnospiraceae_bacterium_8_1_57FAA",3.27579745245975e-05,1,NA,NA,NA,FALSE
"Lactobacillus_brevis",2.79848487018077e-06,1,NA,NA,NA,FALSE
"Lactobacillus_crispatus",3.58080610051103e-06,3,NA,0.542230359484046,0.542230359484046,FALSE
"Lactobacillus_delbrueckii",4.16920077974882e-07,1,NA,NA,NA,FALSE
"Lactobacillus_fermentum",7.71159497720495e-05,4,NA,0.00226766630687396,0.00226766630687396,TRUE
"Lactobacillus_gasseri",2.19938866996599e-06,1,NA,NA,NA,FALSE
"Lactobacillus_helveticus",4.92137242633685e-06,2,NA,0.528531517373843,0.528531517373843,FALSE
"Lactobacillus_iners",1.82825067297313e-05,5,NA,0.0721981632232813,0.0721981632232813,TRUE
"Lactobacillus_jensenii",8.2095657247134e-08,1,NA,NA,NA,FALSE
"Lactobacillus_plantarum",1.0318002144962e-05,2,NA,0.528531517373843,0.528531517373843,FALSE
"Lactobacillus_sp_7_1_47FAA",1.53700506612422e-05,1,NA,NA,NA,FALSE
"Lactococcus_garvieae",2.21267699922657e-05,1,NA,NA,NA,FALSE
"Lactococcus_lactis",6.68680464313988e-05,9,NA,0.0130488861382879,0.0130488861382879,TRUE
"Lautropia_mirabilis",0.000479264798600559,90,NA,0.974563670411584,0.974563670411584,FALSE
"Leifsonia_unclassified",0.00019653317660113,12,NA,0.171639682945636,0.171639682945636,FALSE
"Leptotrichia_unclassified",2.49744379663552e-06,4,NA,0.555563455809754,0.555563455809754,FALSE
"Leucobacter_unclassified",0.00011656036018786,12,NA,0.650089176416691,0.650089176416691,FALSE
"Leuconostoc_carnosum",1.65146868469799e-05,1,NA,NA,NA,FALSE
"Leuconostoc_citreum",5.15096059993445e-07,1,NA,NA,NA,FALSE
"Leuconostoc_lactis",3.42716857246649e-05,8,NA,0.605413454477685,0.605413454477685,FALSE
"Leuconostoc_mesenteroides",0.00016143266724542,3,NA,0.542230359484046,0.542230359484046,FALSE
"Leuconostoc_pseudomesenteroides",1.45742161878438e-05,7,NA,0.593456286431554,0.593456286431554,FALSE
"Leuconostoc_unclassified",8.27767808202958e-06,6,NA,0.581167811462231,0.581167811462231,FALSE
"Listeria_monocytogenes",1.26595694101368e-05,2,NA,0.000384145276759193,0.000384145276759193,TRUE
"Luz24likevirus_unclassified",4.80054110666716e-06,1,NA,NA,NA,FALSE
"Macrococcus_caseolyticus",1.9899519006632e-05,1,NA,NA,NA,FALSE
"Maize_chlorotic_dwarf_virus",3.16574447109193e-06,1,NA,NA,NA,FALSE
"Malassezia_globosa",0.00140916077990082,275,NA,0.999999214659105,0.999999214659105,FALSE
"Marinococcus_halotolerans",5.6775016505258e-06,1,NA,NA,NA,FALSE
"Massilia_timonae",3.9361951137339e-05,20,NA,0.725846895773292,0.725846895773292,FALSE
"Massilia_unclassified",0.00136118973300249,147,NA,0.910777800676445,0.910777800676445,FALSE
"Megasphaera_genomosp_type_1",1.80410309753576e-06,1,NA,NA,NA,FALSE
"Megasphaera_unclassified",0.00011092902139073,3,NA,0.542230359484046,0.542230359484046,FALSE
"Meiothermus_ruber",5.09235245012606e-06,1,NA,NA,NA,FALSE
"Meiothermus_silvanus",1.22126371533126e-06,1,NA,NA,NA,FALSE
"Merkel_cell_polyomavirus",0.000231644470013714,8,NA,0.605413454477685,0.605413454477685,FALSE
"Methylobacterium_extorquens",0.000271794992080536,68,NA,5.50108701480651e-05,5.50108701480651e-05,TRUE
"Methylobacterium_mesophilicum",0.000284031329549823,18,NA,0.708467547201777,0.708467547201777,FALSE
"Methylobacterium_radiotolerans",0.00111077284486746,71,NA,7.71323585541949e-05,7.71323585541949e-05,TRUE
"Methylomicrobium_album",1.26436781721685e-05,10,NA,0.628366250229131,0.628366250229131,FALSE
"Methyloversatilis_unclassified",1.55073965768005e-05,4,NA,0.555563455809754,0.555563455809754,FALSE
"Methyloversatilis_universalis",1.76620825954703e-05,2,NA,0.528531517373843,0.528531517373843,FALSE
"Methylovorus_unclassified",1.18753073049352e-06,1,NA,NA,NA,FALSE
"Meyerozyma_guilliermondii",1.26638294229493e-06,2,NA,0.528531517373843,0.528531517373843,FALSE
"Microbacterium_barkeri",1.11068979129199e-05,5,NA,0.568539705275162,0.568539705275162,FALSE
"Microbacterium_laevaniformans",0.00037998243717261,78,NA,0.960406115181232,0.960406115181232,FALSE
"Microbacterium_maritypicum",6.02857162406245e-06,4,NA,0.555563455809754,0.555563455809754,FALSE
"Micrococcus_luteus",0.0987994950064525,393,NA,0.999999999999457,0.999999999999457,FALSE
"Microcoleus_unclassified",0.000278267191848145,16,NA,0.690083567168311,0.690083567168311,FALSE
"Mitsuokella_unclassified",6.18553320233731e-05,8,NA,0.605413454477685,0.605413454477685,FALSE
"Mobiluncus_unclassified",1.48427055818942e-07,1,NA,NA,NA,FALSE
"Modestobacter_multiseptatus",2.02497919648562e-05,3,NA,0.542230359484046,0.542230359484046,FALSE
"Murine_osteosarcoma_virus",8.41442845057487e-06,1,NA,NA,NA,FALSE
"Mycobacterium_gilvum",4.88507573063471e-06,2,NA,0.528531517373843,0.528531517373843,FALSE
"Mycobacterium_indicus_pranii",1.05843240339076e-06,1,NA,NA,NA,FALSE
"Mycobacterium_phage_Halo",2.95280916355298e-05,1,NA,NA,NA,FALSE
"Mycobacterium_phage_Rizal",8.6923963134794e-05,6,NA,0.581167811462231,0.581167811462231,FALSE
"Myxococcus_fulvus",9.27519689403702e-07,1,NA,NA,NA,FALSE
"Myxococcus_unclassified",0.000146906173904473,1,NA,NA,NA,FALSE
"Nakamurella_multipartita",1.08308972753065e-05,7,NA,0.593456286431554,0.593456286431554,FALSE
"Natrialba_unclassified",2.34581475438643e-06,1,NA,NA,NA,FALSE
"Neisseria_bacilliformis",1.82248188512379e-06,2,NA,0.528531517373843,0.528531517373843,FALSE
"Neisseria_cinerea",1.51800534984058e-06,3,NA,0.542230359484046,0.542230359484046,FALSE
"Neisseria_elongata",0.000244048699282362,40,NA,0.854368884580636,0.854368884580636,FALSE
"Neisseria_flavescens",0.000132873160994064,30,NA,0.799352360026635,0.799352360026635,FALSE
"Neisseria_gonorrhoeae",2.19958075764469e-06,2,NA,0.528531517373843,0.528531517373843,FALSE
"Neisseria_macacae",3.04356394764132e-06,4,NA,0.555563455809754,0.555563455809754,FALSE
"Neisseria_meningitidis",0.000135969611555879,81,NA,0.964498637296048,0.964498637296048,FALSE
"Neisseria_sicca",0.000246892952018369,50,NA,0.895225699819891,0.895225699819891,FALSE
"Neisseria_unclassified",0.0022603961859245,197,NA,0.993086848770125,0.993086848770125,FALSE
"Nitrosospira_multiformis",4.0779836801736e-05,1,NA,NA,NA,FALSE
"Nocardioides_unclassified",0.00508945625914206,185,NA,0.988355904073481,0.988355904073481,FALSE
"Novosphingobium_lindaniclasticum",7.75131507172581e-06,1,NA,NA,NA,FALSE
"Ochrobactrum_anthropi",6.61079902392401e-05,16,NA,0.690083567168311,0.690083567168311,FALSE
"Odoribacter_unclassified",1.03756916813156e-05,1,NA,NA,NA,FALSE
"Oribacterium_sinus",2.22907518746192e-06,1,NA,NA,NA,FALSE
"Oscillibacter_unclassified",1.39049665964393e-05,3,NA,0.542230359484046,0.542230359484046,FALSE
"Pannonibacter_phragmitetus",2.90668331759982e-06,1,NA,NA,NA,FALSE
"Pantoea_dispersa",9.13968426245009e-05,9,NA,0.617047455819866,0.617047455819866,FALSE
"Pantoea_stewartii",5.19191516945926e-05,1,NA,NA,NA,FALSE
"Pantoea_unclassified",0.000277615214983915,20,NA,0.725846895773292,0.725846895773292,FALSE
"Parabacteroides_distasonis",4.93976614495464e-06,3,NA,0.542230359484046,0.542230359484046,FALSE
"Parabacteroides_goldsteinii",2.26467284869068e-06,1,NA,NA,NA,FALSE
"Parabacteroides_merdae",4.49543615740096e-06,1,NA,NA,NA,FALSE
"Parabacteroides_unclassified",1.48406584489854e-05,1,NA,NA,NA,FALSE
"Paracoccus_denitrificans",3.28837777783442e-05,42,NA,0.863552211388257,0.863552211388257,FALSE
"Paracoccus_unclassified",0.00233298960677237,282,NA,0.999999586648875,0.999999586648875,FALSE
"Paraprevotella_unclassified",3.55687785067102e-07,1,NA,NA,NA,FALSE
"Pasteurella_bettyae",1.30293062507869e-06,2,NA,0.528531517373843,0.528531517373843,FALSE
"Pectobacterium_unclassified",4.33028714721399e-07,1,NA,NA,NA,FALSE
"Pediococcus_pentosaceus",7.69536641848266e-06,1,NA,NA,NA,FALSE
"Pedobacter_unclassified",1.13978856742687e-05,1,NA,NA,NA,FALSE
"Pennisetum_mosaic_virus",1.57881273919113e-06,1,NA,NA,NA,FALSE
"Peptoniphilus_harei",3.07347313763763e-07,2,NA,0.528531517373843,0.528531517373843,FALSE
"Peptoniphilus_rhinitidis",2.51107292540081e-06,1,NA,NA,NA,FALSE
"Peptostreptococcus_stomatis",4.05411461630437e-08,1,NA,NA,NA,FALSE
"Petunia_vein_clearing_virus",7.39729809007839e-06,1,NA,NA,NA,FALSE
"Phascolarctobacterium_succinatutens",3.18041405934667e-06,2,NA,0.528531517373843,0.528531517373843,FALSE
"Porcine_type_C_oncovirus",0.00033890469394012,45,NA,0.876335521194031,0.876335521194031,FALSE
"Porphyromonas_bennonis",2.97068555018843e-05,10,NA,0.628366250229131,0.628366250229131,FALSE
"Porphyromonas_catoniae",5.92368841622715e-05,5,NA,0.568539705275162,0.568539705275162,FALSE
"Porphyromonas_endodontalis",3.32400759828925e-06,5,NA,0.568539705275162,0.568539705275162,FALSE
"Porphyromonas_gingivalis",6.56508314249221e-06,9,NA,0.617047455819866,0.617047455819866,FALSE
"Porphyromonas_somerae",7.45607559260454e-07,1,NA,NA,NA,FALSE
"Porphyromonas_sp_oral_taxon_279",5.20963755315633e-05,2,NA,0.528531517373843,0.528531517373843,FALSE
"Powassan_virus",7.175307487187e-07,1,NA,NA,NA,FALSE
"Prevotella_bivia",4.98788063502585e-05,23,NA,0.750141336566613,0.750141336566613,FALSE
"Prevotella_buccalis",3.64612744618867e-06,6,NA,0.581167811462231,0.581167811462231,FALSE
"Prevotella_copri",0.00127423259268088,12,NA,0.650089176416691,0.650089176416691,FALSE
"Prevotella_denticola",1.11428451548733e-07,1,NA,NA,NA,FALSE
"Prevotella_disiens",5.17493345583718e-06,4,NA,0.555563455809754,0.555563455809754,FALSE
"Prevotella_histicola",1.16452158102017e-06,1,NA,NA,NA,FALSE
"Prevotella_intermedia",5.18928330993362e-06,3,NA,0.542230359484046,0.542230359484046,FALSE
"Prevotella_melaninogenica",2.35408966069837e-05,17,NA,0.699404362140692,0.699404362140692,FALSE
"Prevotella_micans",1.8950117754704e-07,1,NA,NA,NA,FALSE
"Prevotella_nanceiensis",2.77233916008953e-06,3,NA,0.542230359484046,0.542230359484046,FALSE
"Prevotella_nigrescens",3.11594151503961e-07,1,NA,NA,NA,FALSE
"Prevotella_oris",8.49589855419857e-07,2,NA,0.528531517373843,0.528531517373843,FALSE
"Prevotella_stercorea",4.70556160966038e-05,2,NA,0.528531517373843,0.528531517373843,FALSE
"Prevotella_timonensis",2.07481542756283e-05,17,NA,0.699404362140692,0.699404362140692,FALSE
"Propionibacterium_acidipropionici",5.15196100074172e-06,3,NA,0.542230359484046,0.542230359484046,FALSE
"Propionibacterium_acnes",0.441872401781064,415,NA,0.5,0.5,FALSE
"Propionibacterium_avidum",0.000458088885807791,78,NA,0.960406115181232,0.960406115181232,FALSE
"Propionibacterium_granulosum",0.00285294281516853,298,NA,0.984280657624073,0.984280657624073,FALSE
"Propionibacterium_phage_P100D",0.004424462492766,48,NA,0.888012305651367,0.888012305651367,FALSE
"Propionibacterium_phage_P101A",0.00124339754691079,15,NA,0.680498522853929,0.680498522853929,FALSE
"Propionibacterium_phage_P14_4",0.00334989802695707,29,NA,0.792914467834976,0.792914467834976,FALSE
"Propionibacterium_phage_PHL112N00",0.000113201238012999,1,NA,NA,NA,FALSE
"Propionibacterium_propionicum",6.21653803234182e-05,23,NA,0.750141336566613,0.750141336566613,FALSE
"Propionimicrobium_lymphophilum",2.58825721740091e-06,2,NA,0.528531517373843,0.528531517373843,FALSE
"Pseudomonas_aeruginosa",0.000537333820013473,47,NA,0.273458279823673,0.273458279823673,FALSE
"Pseudomonas_alcaligenes",0.000170993619658577,35,NA,0.828876851983116,0.828876851983116,FALSE
"Pseudomonas_fragi",7.77247542506988e-06,4,NA,0.555563455809754,0.555563455809754,FALSE
"Pseudomonas_geniculata",4.05074098069315e-07,1,NA,NA,NA,FALSE
"Pseudomonas_mendocina",9.56457979810747e-05,25,NA,0.76522362396474,0.76522362396474,FALSE
"Pseudomonas_monteilii",7.54598477632143e-06,1,NA,NA,NA,FALSE
"Pseudomonas_phage_EL",8.1319609473478e-05,1,NA,NA,NA,FALSE
"Pseudomonas_psychrotolerans",0.000317920595630632,65,NA,0.937177189020782,0.937177189020782,FALSE
"Pseudomonas_putida",0.000295731791619926,35,NA,0.828876851983116,0.828876851983116,FALSE
"Pseudomonas_stutzeri",0.000167584857596788,43,NA,0.867941952576839,0.867941952576839,FALSE
"Pseudomonas_unclassified",0.00596806884722582,191,NA,0.882768884175336,0.882768884175336,FALSE
"Pseudonocardia_unclassified",0.000202318496769632,17,NA,0.699404362140692,0.699404362140692,FALSE
"Pseudoxanthomonas_unclassified",0.000551681707264267,17,NA,0.699404362140692,0.699404362140692,FALSE
"Rahnella_aquatilis",1.22762926735267e-06,1,NA,NA,NA,FALSE
"Rahnella_unclassified",4.01544050413385e-06,3,NA,0.542230359484046,0.542230359484046,FALSE
"Ralstonia_pickettii",0.000865211846019392,128,NA,2.55664624865438e-07,2.55664624865438e-07,TRUE
"Ralstonia_unclassified",0.00302326025800268,179,NA,9.17791270901691e-05,9.17791270901691e-05,TRUE
"Reyranella_massiliensis",7.02038806738522e-06,1,NA,NA,NA,FALSE
"Rheinheimera_unclassified",6.02579847140782e-07,2,NA,0.528531517373843,0.528531517373843,FALSE
"Rhizobium_lupini",1.9441329462464e-05,6,NA,0.581167811462231,0.581167811462231,FALSE
"Rhodococcus_erythropolis",9.72079866990787e-06,4,NA,0.555563455809754,0.555563455809754,FALSE
"Rhodococcus_opacus",4.84854106904729e-08,1,NA,NA,NA,FALSE
"Rhodopseudomonas_palustris",0.00459175138972298,201,NA,0.000427863248250929,0.000427863248250929,TRUE
"Rhodopseudomonas_unclassified",0.000367849419569904,8,NA,0.115169564586323,0.115169564586323,FALSE
"Rhodospirillum_unclassified",0.000236010709062696,11,NA,0.639377620592712,0.639377620592712,FALSE
"Riemerella_unclassified",7.92627912797568e-06,3,NA,0.542230359484046,0.542230359484046,FALSE
"Rodent_pegivirus",7.03402154510455e-07,1,NA,NA,NA,FALSE
"Roseburia_hominis",4.18540607758021e-06,1,NA,NA,NA,FALSE
"Roseburia_intestinalis",0.000473886557899001,5,NA,0.568539705275162,0.568539705275162,FALSE
"Roseburia_inulinivorans",3.10926260520238e-06,1,NA,NA,NA,FALSE
"Roseburia_unclassified",3.87272497129149e-06,3,NA,0.542230359484046,0.542230359484046,FALSE
"Roseolovirus_unclassified",3.57330463799552e-07,1,NA,NA,NA,FALSE
"Roseomonas_sp_B5",0.000123259343933602,1,NA,NA,NA,FALSE
"Roseomonas_unclassified",0.00210797616019292,266,NA,0.99999829068382,0.99999829068382,FALSE
"Rothia_aeria",0.000871269140167797,173,NA,0.996264874803829,0.996264874803829,FALSE
"Rothia_dentocariosa",0.003090567396378,298,NA,0.199420184209308,0.199420184209308,FALSE
"Rothia_mucilaginosa",0.00359932812725315,199,NA,0.906885425244563,0.906885425244563,FALSE
"Rothia_unclassified",0.000213469170091979,74,NA,0.785513613833161,0.785513613833161,FALSE
"Ruminococcus_bromii",3.48860347416368e-05,3,NA,0.542230359484046,0.542230359484046,FALSE
"Ruminococcus_gnavus",8.06483550064014e-07,1,NA,NA,NA,FALSE
"Ruminococcus_lactaris",2.06654425080523e-06,1,NA,NA,NA,FALSE
"Ruminococcus_obeum",6.86655286108039e-05,3,NA,0.542230359484046,0.542230359484046,FALSE
"Ruminococcus_torques",4.82039932352692e-05,7,NA,0.593456286431554,0.593456286431554,FALSE
"Saccharomyces_23S_RNA_narnavirus",8.96744189997044e-06,1,NA,NA,NA,FALSE
"Saccharomyces_cerevisiae",2.18387187162733e-06,1,NA,NA,NA,FALSE
"Salinicoccus_albus",4.53138478039929e-07,1,NA,NA,NA,FALSE
"Salinicoccus_carnicancri",1.28838485983488e-06,1,NA,NA,NA,FALSE
"Salmonella_enterica",0.000154599207956585,2,NA,0.000384145276759193,0.000384145276759193,TRUE
"Salmonella_unclassified",2.62856522911043e-05,2,NA,0.000384145276759193,0.000384145276759193,TRUE
"Scardovia_unclassified",3.72953901603262e-06,2,NA,0.528531517373843,0.528531517373843,FALSE
"Scardovia_wiggsiae",4.70916288230628e-07,2,NA,0.528531517373843,0.528531517373843,FALSE
"Selenomonas_noxia",3.09702361848124e-05,9,NA,0.617047455819866,0.617047455819866,FALSE
"Serinicoccus_profundi",7.66500603390022e-05,20,NA,0.725846895773292,0.725846895773292,FALSE
"Serinicoccus_unclassified",0.000224276266913024,43,NA,0.867941952576839,0.867941952576839,FALSE
"Serratia_marcescens",0.000255048091983172,5,NA,0.568539705275162,0.568539705275162,FALSE
"Solobacterium_moorei",5.81889371762149e-08,1,NA,NA,NA,FALSE
"Sphingobacterium_spiritivorum",5.60284694029174e-05,14,NA,0.670642436155335,0.670642436155335,FALSE
"Sphingobacterium_unclassified",0.000554239354927894,98,NA,0.98123775179182,0.98123775179182,FALSE
"Sphingobium_unclassified",0.00049578359959138,86,NA,0.970467311042991,0.970467311042991,FALSE
"Sphingobium_yanoikuyae",0.00069485198966355,55,NA,0.911436233182818,0.911436233182818,FALSE
"Sphingomonas_echinoides",0.00165014112804157,187,NA,0.000167123749573426,0.000167123749573426,TRUE
"Sphingomonas_melonis",1.50699254575134e-05,4,NA,0.555563455809754,0.555563455809754,FALSE
"Sphingopyxis_unclassified",0.000279480415141669,36,NA,0.83428074086786,0.83428074086786,FALSE
"Spiribacter_unclassified",5.24077779556797e-06,1,NA,NA,NA,FALSE
"St_Louis_encephalitis_virus",1.35904843549613e-06,1,NA,NA,NA,FALSE
"Staphylococcus_aureus",1.50202407661945e-05,6,NA,0.581167811462231,0.581167811462231,FALSE
"Staphylococcus_caprae_capitis",0.00375075004199361,103,NA,1.64775850361214e-08,1.64775850361214e-08,TRUE
"Staphylococcus_carnosus",6.25305577255866e-07,1,NA,NA,NA,FALSE
"Staphylococcus_epidermidis",0.000952574621250842,86,NA,0.0127420065189937,0.0127420065189937,TRUE
"Staphylococcus_haemolyticus",8.70842485721693e-05,5,NA,9.09894482936522e-05,9.09894482936522e-05,TRUE
"Staphylococcus_hominis",2.66791582560648e-05,19,NA,0.0567590976561174,0.0567590976561174,TRUE
"Staphylococcus_lugdunensis",3.38587194698453e-05,11,NA,0.639377620592712,0.639377620592712,FALSE
"Staphylococcus_pettenkoferi",3.9228620101899e-05,8,NA,0.605413454477685,0.605413454477685,FALSE
"Staphylococcus_phage_ROSA",6.00464995751182e-05,1,NA,NA,NA,FALSE
"Staphylococcus_saprophyticus",7.64086387940108e-05,16,NA,0.040920630171035,0.040920630171035,TRUE
"Staphylococcus_warneri",4.82351987651712e-08,1,NA,NA,NA,FALSE
"Stenotrophomonas_maltophilia",0.000984144365892698,144,NA,0.976162264318523,0.976162264318523,FALSE
"Stenotrophomonas_unclassified",0.000134298370436657,64,NA,0.934953372702934,0.934953372702934,FALSE
"Streptococcus_agalactiae",8.62660132176096e-07,1,NA,NA,NA,FALSE
"Streptococcus_anginosus",4.63379917676536e-05,13,NA,0.660508357267807,0.660508357267807,FALSE
"Streptococcus_australis",0.000160226774241726,39,NA,0.84956785879758,0.84956785879758,FALSE
"Streptococcus_cristatus",1.11387918801328e-05,6,NA,0.581167811462231,0.581167811462231,FALSE
"Streptococcus_gordonii",4.03642287684799e-05,15,NA,0.680498522853929,0.680498522853929,FALSE
"Streptococcus_infantis",9.83091581007317e-05,33,NA,0.817581445772553,0.817581445772553,FALSE
"Streptococcus_intermedius",5.68262129867175e-07,1,NA,NA,NA,FALSE
"Streptococcus_mitis_oralis_pneumoniae",0.00141525427826329,197,NA,0.998849603430496,0.998849603430496,FALSE
"Streptococcus_parasanguinis",8.19225266025204e-05,24,NA,0.757790071161512,0.757790071161512,FALSE
"Streptococcus_salivarius",0.000126555600502575,41,NA,0.859029080274056,0.859029080274056,FALSE
"Streptococcus_sanguinis",0.00121577800250256,162,NA,0.98808930605893,0.98808930605893,FALSE
"Streptococcus_thermophilus",0.000110105177003769,11,NA,0.157630167186031,0.157630167186031,FALSE
"Streptococcus_tigurinus",4.87422460794461e-07,1,NA,NA,NA,FALSE
"Subdoligranulum_unclassified",0.00130295134415091,25,NA,0.76522362396474,0.76522362396474,FALSE
"Sutterella_wadsworthensis",1.99383786822012e-06,2,NA,0.528531517373843,0.528531517373843,FALSE
"Sweetpotato_badnavirus_B",9.35973511268267e-06,1,NA,NA,NA,FALSE
"Terriglobus_unclassified",0.000247455240900881,6,NA,0.581167811462231,0.581167811462231,FALSE
"Tetrasphaera_elongata",7.29079071806977e-06,2,NA,0.528531517373843,0.528531517373843,FALSE
"Thermus_unclassified",6.94525425767787e-07,2,NA,0.528531517373843,0.528531517373843,FALSE
"Thiobacillus_thioparus",1.37523834327594e-06,1,NA,NA,NA,FALSE
"Thiomonas_unclassified",0.00249247610922611,101,NA,0.0284407255522636,0.0284407255522636,TRUE
"Tobacco_vein_distorting_virus",6.44111155098296e-06,1,NA,NA,NA,FALSE
"Treponema_denticola",6.34596292593221e-07,1,NA,NA,NA,FALSE
"Tsukamurella_unclassified",0.000124346595988725,29,NA,0.792914467834976,0.792914467834976,FALSE
"Turicella_otitidis",4.85986459983578e-05,13,NA,0.000130577835616534,0.000130577835616534,TRUE
"Varibaculum_cambriense",1.57746295676288e-05,15,NA,0.680498522853929,0.680498522853929,FALSE
"Variovorax_unclassified",4.9957921018508e-06,1,NA,NA,NA,FALSE
"Veillonella_atypica",4.10212966622519e-06,3,NA,0.542230359484046,0.542230359484046,FALSE
"Veillonella_parvula",0.000181102177170562,39,NA,0.84956785879758,0.84956785879758,FALSE
"Veillonella_unclassified",0.000291794684404019,95,NA,0.880242552417592,0.880242552417592,FALSE
"Verminephrobacter_unclassified",2.03383690556694e-06,1,NA,NA,NA,FALSE
"Vesivirus_unclassified",1.49689498567315e-06,1,NA,NA,NA,FALSE
"Vibrio_furnissii",9.0272822107463e-07,2,NA,0.528531517373843,0.528531517373843,FALSE
"Weissella_cibaria",4.74260123818562e-05,7,NA,0.593456286431554,0.593456286431554,FALSE
"Weissella_confusa",5.29821715509478e-05,13,NA,0.660508357267807,0.660508357267807,FALSE
"Weissella_paramesenteroides",3.26882160113225e-07,1,NA,NA,NA,FALSE
"Weissella_unclassified",4.21572545943514e-05,12,NA,0.650089176416691,0.650089176416691,FALSE
"Williamsia_sp_D3",0.00481893325081164,27,NA,0.779467126469707,0.779467126469707,FALSE
"Wolbachia_endosymbiont_of_Culex_pipiens_molestus",4.63543178233473e-06,1,NA,NA,NA,FALSE
"Wolbachia_endosymbiont_of_Culex_quinquefasciatus",4.66629471966934e-05,3,NA,0.542230359484046,0.542230359484046,FALSE
"Wolbachia_endosymbiont_of_Diaphorina_citri",9.1941075603043e-05,3,NA,0.542230359484046,0.542230359484046,FALSE
"Wolbachia_pipientis",7.84035325916737e-05,2,NA,0.528531517373843,0.528531517373843,FALSE
"Wolbachia_unclassified",0.000203902907204573,5,NA,0.568539705275162,0.568539705275162,FALSE
"Xanthobacter_autotrophicus",5.82838325622802e-06,1,NA,NA,NA,FALSE
"Xanthomonas_citri",1.81590379604821e-06,1,NA,NA,NA,FALSE
"Xanthomonas_euvesicatoria",8.65060327469888e-08,1,NA,NA,NA,FALSE
"Xanthomonas_fuscans",1.65840440756282e-06,2,NA,0.528531517373843,0.528531517373843,FALSE
"Yualikevirus_unclassified",3.96836917327705e-05,10,NA,0.628366250229131,0.628366250229131,FALSE
